slug,title,date,category,season,migration_status,draft,evergreen,archive,source_tweet_ids,source_urls,image
no-somos-un-club-que-juega-al-futbol-somos-una-idea-que-compite,No somos un club que juega al fútbol; somos una idea que compite,2026-06-01,Identidad,,canonical-existing,False,True,,,,/images/articles/no-somos-un-club-que-juega-al-futbol-somos-una-idea-que-compite/legacy.jpg
nueve-total,Nueve Total,2026-06-18,Perfiles,2026-2027,canonical-existing,False,True,,2067699873416155181,https://x.com/ScarFace2824/status/2067699873416155181,/images/articles/nueve-total/legacy-1.jpg
last-dance,Last Dance,2026-06-18,Identidad,2026-2027,canonical-existing,False,True,,2067699994530808090,https://x.com/ScarFace2824/status/2067699994530808090,/images/articles/last-dance/legacy-1.jpg
el-central-de-flick,El Central de Flick,2026-06-18,Perfiles,2026-2027,canonical-existing,False,True,,2067699035863925211,https://x.com/ScarFace2824/status/2067699035863925211,/images/articles/el-central-de-flick/legacy-1.jpg
elevar-el-juego,Elevar el Juego,2026-06-18,Perfiles,2026-2027,canonical-existing,False,True,,2067698914434732300,https://x.com/ScarFace2824/status/2067698914434732300,/images/articles/elevar-el-juego/legacy-1.jpg
red-flag,Red Flag,2026-06-18,Perfiles,2026-2027,canonical-existing,False,False,mercado-2026-27,2067699687574925517,https://x.com/ScarFace2824/status/2067699687574925517,/images/articles/red-flag/legacy-1.jpg
ataque-del-futuro,Ataque del Futuro,2026-06-18,Táctica,2026-2027,canonical-existing,False,True,,2067700394826862612,https://x.com/ScarFace2824/status/2067700394826862612,/images/articles/ataque-del-futuro/legacy-1.jpg
el-sueno-de-musiala,El sueño de Musiala,2026-06-18,Planificación,2029-2030,canonical-existing,False,True,,2067698386392760567,https://x.com/ScarFace2824/status/2067698386392760567,/images/articles/el-sueno-de-musiala/legacy-1.jpg
oxigeno-pedri,Oxígeno Pedri,2026-06-18,Perfiles,2027-2028,canonical-existing,False,True,,2067698560020160704,https://x.com/ScarFace2824/status/2067698560020160704,/images/articles/oxigeno-pedri/legacy-1.jpg
lateral-derecho,Lateral Derecho,2026-06-18,Perfiles,2026-2027,canonical-existing,False,False,mercado-2026-27,2067698665087463542,https://x.com/ScarFace2824/status/2067698665087463542,/images/articles/lateral-derecho/legacy-1.jpg
el-nuevo-raphinha,El nuevo Raphinha,2026-06-22,Perfiles,2026-2027,canonical-existing,False,True,,2069180481732567173,https://x.com/ScarFace2824/status/2069180481732567173,/images/articles/el-nuevo-raphinha/legacy-1.jpg
segundo-portero,Segundo Portero,2026-06-22,Perfiles,2026-2027,canonical-existing,False,False,mercado-2026-27,2069180671390597321,https://x.com/ScarFace2824/status/2069180671390597321,/images/articles/segundo-portero/legacy-1.jpg
pieza-clave,Pieza Clave,2026-06-22,Construcción de plantilla,2026-2027,canonical-existing,False,True,,2069180856699138520,https://x.com/ScarFace2824/status/2069180856699138520,/images/articles/pieza-clave/legacy-1.jpg
tercer-central,Tercer Central,2026-06-22,Construcción de plantilla,2026-2027,canonical-existing,False,False,mercado-2026-27,2069181035540083019,https://x.com/ScarFace2824/status/2069181035540083019,/images/articles/tercer-central/legacy-1.jpg
el-quinto-medio,El quinto Medio,2026-06-22,Cantera,2026-2027,canonical-existing,False,True,,2069181471093403827,https://x.com/ScarFace2824/status/2069181471093403827,/images/articles/el-quinto-medio/legacy-1.jpg
no-hay-vuelta-atras,No hay vuelta atrás,2026-06-22,Perfiles,2026-2027,canonical-existing,False,False,mercado-2026-27,2069182326580359464,https://x.com/ScarFace2824/status/2069182326580359464,/images/articles/no-hay-vuelta-atras/legacy-1.jpg
perfil-faltante,Perfil Faltante,2026-06-23,Perfiles,2026-2027,canonical-existing,False,True,,2069351740755910905,https://x.com/ScarFace2824/status/2069351740755910905,/images/articles/perfil-faltante/legacy-1.jpg
el-tapado,El Tapado,2026-06-23,Perfiles,2026-2027,canonical-existing,False,True,,2069419089412436402,https://x.com/ScarFace2824/status/2069419089412436402,/images/articles/el-tapado/legacy-1.jpg
la-sorpresa,La Sorpresa,2026-07-01,Perfiles,2026-2027,canonical-existing,False,False,mercado-2026-27,2072420274947981768,https://x.com/ScarFace2824/status/2072420274947981768,/images/articles/la-sorpresa/legacy-1.jpg
tomar-riesgos,Tomar Riesgos,2026-07-26,Construcción de plantilla,2026-2027,canonical-existing,False,False,mercado-2026-27,2081417038136758516,https://x.com/ScarFace2824/status/2081417038136758516,/images/articles/tomar-riesgos/legacy-1.jpg
cerrar-mercado,Cerrar Mercado,2026-07-27,Construcción de plantilla,2026-2027,canonical-existing,False,False,mercado-2026-27,2081751357866803634,https://x.com/ScarFace2824/status/2081751357866803634,/images/articles/cerrar-mercado/legacy-1.jpg
solucion-en-casa,Solución en casa,2026-07-28,Cantera,2026-2027,canonical-existing,False,True,,2082166778239549609,https://x.com/ScarFace2824/status/2082166778239549609,/images/articles/solucion-en-casa/legacy-1.jpg
one-shot,One Shot,2026-08-17,Construcción de plantilla,2026-2027,canonical-existing,False,False,mercado-2026-27,2089470096485843197,https://x.com/ScarFace2824/status/2089470096485843197,/images/articles/one-shot/legacy-1.jpg
cerrar-el-mercado,Cerrar el Mercado,2026-08-18,Construcción de plantilla,2026-2027,canonical-existing,False,False,mercado-2026-27,2089846747266707587,https://x.com/ScarFace2824/status/2089846747266707587,/images/articles/cerrar-el-mercado/legacy-1.jpg
fichar-en-2026-inflacion-y-precios-reales,Fichar en 2026: inflación y precios reales,2026-07-01,Planificación,2026-2027,visual-transcription,False,True,,2072388962727985325,https://x.com/ScarFace2824/status/2072388962727985325,/images/articles/fichar-en-2026-inflacion-y-precios-reales/legacy-2.jpg
por-que-adeyemi-no-me-convence-para-el-barca,Por qué Adeyemi no me convence para el Barça,2026-07-09,Perfiles,2026-2027,visual-transcription,False,True,,2075203994025136563,https://x.com/ScarFace2824/status/2075203994025136563,/images/articles/por-que-adeyemi-no-me-convence-para-el-barca/legacy-1.jpg
conclusiones-de-la-jornada-1,Conclusiones de la Jornada 1,2026-08-24,Partidos,2026-2027,visual-transcription,False,False,partidos-2026-27,2091797876384915479,https://x.com/ScarFace2824/status/2091797876384915479,/images/articles/conclusiones-de-la-jornada-1/legacy-1.jpg
mercado-ideal-si-se-queda-raphinha,Mercado ideal si se queda Raphinha,2026-05-02,Planificación,2026-2027,assembled-from-x-thread,True,False,mercado-2026-27,2050602526232174649|2050602528828428794|2050602532376887726|2050602539561750677|2050602546704621975|2050602552551494134|2050602555550376437|2050602561237893323|2050602564194873491|2050602566711447840|2050602571950178638|2050602578828775931|2050602585736851617|2050602592636408028|2050602596105085101|2050602601922650585|2050602609740841397|2050602617227628979|2050602620721541325|2050602626601910773|2050602634633965895|2050602637494460854|2050602640300556758|2050602642909409789|2050602713885364639|2050741791171752196,https://x.com/ScarFace2824/status/2050602526232174649|https://x.com/ScarFace2824/status/2050602528828428794|https://x.com/ScarFace2824/status/2050602532376887726|https://x.com/ScarFace2824/status/2050602539561750677|https://x.com/ScarFace2824/status/2050602546704621975|https://x.com/ScarFace2824/status/2050602552551494134|https://x.com/ScarFace2824/status/2050602555550376437|https://x.com/ScarFace2824/status/2050602561237893323|https://x.com/ScarFace2824/status/2050602564194873491|https://x.com/ScarFace2824/status/2050602566711447840|https://x.com/ScarFace2824/status/2050602571950178638|https://x.com/ScarFace2824/status/2050602578828775931|https://x.com/ScarFace2824/status/2050602585736851617|https://x.com/ScarFace2824/status/2050602592636408028|https://x.com/ScarFace2824/status/2050602596105085101|https://x.com/ScarFace2824/status/2050602601922650585|https://x.com/ScarFace2824/status/2050602609740841397|https://x.com/ScarFace2824/status/2050602617227628979|https://x.com/ScarFace2824/status/2050602620721541325|https://x.com/ScarFace2824/status/2050602626601910773|https://x.com/ScarFace2824/status/2050602634633965895|https://x.com/ScarFace2824/status/2050602637494460854|https://x.com/ScarFace2824/status/2050602640300556758|https://x.com/ScarFace2824/status/2050602642909409789|https://x.com/ScarFace2824/status/2050602713885364639|https://x.com/ScarFace2824/status/2050741791171752196,/images/articles/mercado-ideal-si-se-queda-raphinha/legacy-1.jpg
revolucion-si-sale-raphinha,Revolución si sale Raphinha,2026-05-03,Planificación,2026-2027,assembled-from-x-thread,True,False,mercado-2026-27,2051058672130752733|2051058677793116334|2051058685506433133|2051058692838003190|2051058699196620871|2051058702526841320|2051058705530073213|2051058708029812915|2051058710802207079|2051058713457283496|2051058716317814836|2051058722508542357|2051058726295961745|2051058729366212743|2051058732365160764|2051058739852013670|2051058748039340451|2051058751809937550|2051058754892804524|2051058761498816551|2051058770050969945|2051058778296971696,https://x.com/ScarFace2824/status/2051058672130752733|https://x.com/ScarFace2824/status/2051058677793116334|https://x.com/ScarFace2824/status/2051058685506433133|https://x.com/ScarFace2824/status/2051058692838003190|https://x.com/ScarFace2824/status/2051058699196620871|https://x.com/ScarFace2824/status/2051058702526841320|https://x.com/ScarFace2824/status/2051058705530073213|https://x.com/ScarFace2824/status/2051058708029812915|https://x.com/ScarFace2824/status/2051058710802207079|https://x.com/ScarFace2824/status/2051058713457283496|https://x.com/ScarFace2824/status/2051058716317814836|https://x.com/ScarFace2824/status/2051058722508542357|https://x.com/ScarFace2824/status/2051058726295961745|https://x.com/ScarFace2824/status/2051058729366212743|https://x.com/ScarFace2824/status/2051058732365160764|https://x.com/ScarFace2824/status/2051058739852013670|https://x.com/ScarFace2824/status/2051058748039340451|https://x.com/ScarFace2824/status/2051058751809937550|https://x.com/ScarFace2824/status/2051058754892804524|https://x.com/ScarFace2824/status/2051058761498816551|https://x.com/ScarFace2824/status/2051058770050969945|https://x.com/ScarFace2824/status/2051058778296971696,/images/articles/revolucion-si-sale-raphinha/legacy-1.jpg
julian-te-sube-el-nivel-diomande-te-cambia-el-techo,Julián te sube el nivel; Diomande te cambia el techo,2026-05-04,Construcción de plantilla,2026-2027,assembled-from-x-thread,True,False,mercado-2026-27,2051299176332345664|2051299181701005592|2051299179025006960|2051299184469270917|2051299187732488695|2051299296209727735|2051299298818535630|2051299301406466424|2051299303914652099|2051299306720690522|2051299309686006009|2051299314039742857|2051299316975718506|2051299319794303425|2051299322453467548|2051299325565661657|2051299328254210282|2051299331752288735|2051299334377939387|2051299337657790760|2051299340602257433|2051299343403999544|2051299348198068461|2051299351587062041|2051299355735330984,https://x.com/ScarFace2824/status/2051299176332345664|https://x.com/ScarFace2824/status/2051299181701005592|https://x.com/ScarFace2824/status/2051299179025006960|https://x.com/ScarFace2824/status/2051299184469270917|https://x.com/ScarFace2824/status/2051299187732488695|https://x.com/ScarFace2824/status/2051299296209727735|https://x.com/ScarFace2824/status/2051299298818535630|https://x.com/ScarFace2824/status/2051299301406466424|https://x.com/ScarFace2824/status/2051299303914652099|https://x.com/ScarFace2824/status/2051299306720690522|https://x.com/ScarFace2824/status/2051299309686006009|https://x.com/ScarFace2824/status/2051299314039742857|https://x.com/ScarFace2824/status/2051299316975718506|https://x.com/ScarFace2824/status/2051299319794303425|https://x.com/ScarFace2824/status/2051299322453467548|https://x.com/ScarFace2824/status/2051299325565661657|https://x.com/ScarFace2824/status/2051299328254210282|https://x.com/ScarFace2824/status/2051299331752288735|https://x.com/ScarFace2824/status/2051299334377939387|https://x.com/ScarFace2824/status/2051299337657790760|https://x.com/ScarFace2824/status/2051299340602257433|https://x.com/ScarFace2824/status/2051299343403999544|https://x.com/ScarFace2824/status/2051299348198068461|https://x.com/ScarFace2824/status/2051299351587062041|https://x.com/ScarFace2824/status/2051299355735330984,/images/articles/julian-te-sube-el-nivel-diomande-te-cambia-el-techo/legacy-1.jpg
la-masia-que-viene,La Masia que viene,2026-05-05,Cantera,2026-2027,assembled-from-x-thread,True,True,,2051679644609359889|2051679652335284365|2051679660807708738|2051679668261040215|2051679675735327123|2051679679568855207|2051679687114412388|2051679696065114151|2051679703593881926|2051679712892620913|2051679725047676995|2051679736942743611|2051679749601132606|2051679761156477398|2051679772548231219|2051679792559206911|2051679804345246156|2051679808149487890,https://x.com/ScarFace2824/status/2051679644609359889|https://x.com/ScarFace2824/status/2051679652335284365|https://x.com/ScarFace2824/status/2051679660807708738|https://x.com/ScarFace2824/status/2051679668261040215|https://x.com/ScarFace2824/status/2051679675735327123|https://x.com/ScarFace2824/status/2051679679568855207|https://x.com/ScarFace2824/status/2051679687114412388|https://x.com/ScarFace2824/status/2051679696065114151|https://x.com/ScarFace2824/status/2051679703593881926|https://x.com/ScarFace2824/status/2051679712892620913|https://x.com/ScarFace2824/status/2051679725047676995|https://x.com/ScarFace2824/status/2051679736942743611|https://x.com/ScarFace2824/status/2051679749601132606|https://x.com/ScarFace2824/status/2051679761156477398|https://x.com/ScarFace2824/status/2051679772548231219|https://x.com/ScarFace2824/status/2051679792559206911|https://x.com/ScarFace2824/status/2051679804345246156|https://x.com/ScarFace2824/status/2051679808149487890,/images/articles/la-masia-que-viene/legacy-1.jpg
dos-caminos-para-el-9-kane-o-un-ataque-sin-delantero-fijo,Dos caminos para el 9: Kane o un ataque sin delantero fijo,2026-06-12,Táctica,2026-2027,assembled-from-x-thread,True,True,mercado-2026-27,2065404458796753072|2065404461866963199|2065404465251749958|2065404470880587891|2065404468401754213|2065404473367757004|2065404478711386457|2065404476131774669,https://x.com/ScarFace2824/status/2065404458796753072|https://x.com/ScarFace2824/status/2065404461866963199|https://x.com/ScarFace2824/status/2065404465251749958|https://x.com/ScarFace2824/status/2065404470880587891|https://x.com/ScarFace2824/status/2065404468401754213|https://x.com/ScarFace2824/status/2065404473367757004|https://x.com/ScarFace2824/status/2065404478711386457|https://x.com/ScarFace2824/status/2065404476131774669,/images/articles/dos-caminos-para-el-9-kane-o-un-ataque-sin-delantero-fijo/legacy-1.jpg
fermin-de-9-y-laterales-asimetricos,Fermín de 9 y laterales asimétricos,2026-05-18,Táctica,2026-2027,synthesized-from-x-threads,True,True,,2056370060160119145|2056370067286176034|2056370076396188077|2056370083354583535|2056370092150071314|2056370099020284381|2056370106175730142|2056370113436139827|2056370121791156449|2056370130204914090|2056370137159098572|2056370144377475104|2056370151105221044|2056370157526659096|2056370163923013899|2056370171749470248|2056370180331020488|2056370187671110074|2056370195770286156|2056370200912581053|2056370206918750720|2056370213755457751|2056370220642537719|2056375043026739501|2050602526232174649|2050602528828428794|2050602532376887726|2050602539561750677|2050602546704621975|2050602552551494134|2050602555550376437|2050602561237893323|2050602564194873491|2050602566711447840|2050602571950178638|2050602578828775931|2050602585736851617|2050602592636408028|2050602596105085101|2050602601922650585|2050602609740841397|2050602617227628979|2050602620721541325|2050602626601910773|2050602634633965895|2050602637494460854|2050602640300556758|2050602642909409789|2050602713885364639|2050741791171752196|2051058672130752733|2051058677793116334|2051058685506433133|2051058692838003190|2051058699196620871|2051058702526841320|2051058705530073213|2051058708029812915|2051058710802207079|2051058713457283496|2051058716317814836|2051058722508542357|2051058726295961745|2051058729366212743|2051058732365160764|2051058739852013670|2051058748039340451|2051058751809937550|2051058754892804524|2051058761498816551|2051058770050969945|2051058778296971696,https://x.com/ScarFace2824/status/2056370060160119145|https://x.com/ScarFace2824/status/2056370067286176034|https://x.com/ScarFace2824/status/2056370076396188077|https://x.com/ScarFace2824/status/2056370083354583535|https://x.com/ScarFace2824/status/2056370092150071314|https://x.com/ScarFace2824/status/2056370099020284381|https://x.com/ScarFace2824/status/2056370106175730142|https://x.com/ScarFace2824/status/2056370113436139827|https://x.com/ScarFace2824/status/2056370121791156449|https://x.com/ScarFace2824/status/2056370130204914090|https://x.com/ScarFace2824/status/2056370137159098572|https://x.com/ScarFace2824/status/2056370144377475104|https://x.com/ScarFace2824/status/2056370151105221044|https://x.com/ScarFace2824/status/2056370157526659096|https://x.com/ScarFace2824/status/2056370163923013899|https://x.com/ScarFace2824/status/2056370171749470248|https://x.com/ScarFace2824/status/2056370180331020488|https://x.com/ScarFace2824/status/2056370187671110074|https://x.com/ScarFace2824/status/2056370195770286156|https://x.com/ScarFace2824/status/2056370200912581053|https://x.com/ScarFace2824/status/2056370206918750720|https://x.com/ScarFace2824/status/2056370213755457751|https://x.com/ScarFace2824/status/2056370220642537719|https://x.com/ScarFace2824/status/2056375043026739501|https://x.com/ScarFace2824/status/2050602526232174649|https://x.com/ScarFace2824/status/2050602528828428794|https://x.com/ScarFace2824/status/2050602532376887726|https://x.com/ScarFace2824/status/2050602539561750677|https://x.com/ScarFace2824/status/2050602546704621975|https://x.com/ScarFace2824/status/2050602552551494134|https://x.com/ScarFace2824/status/2050602555550376437|https://x.com/ScarFace2824/status/2050602561237893323|https://x.com/ScarFace2824/status/2050602564194873491|https://x.com/ScarFace2824/status/2050602566711447840|https://x.com/ScarFace2824/status/2050602571950178638|https://x.com/ScarFace2824/status/2050602578828775931|https://x.com/ScarFace2824/status/2050602585736851617|https://x.com/ScarFace2824/status/2050602592636408028|https://x.com/ScarFace2824/status/2050602596105085101|https://x.com/ScarFace2824/status/2050602601922650585|https://x.com/ScarFace2824/status/2050602609740841397|https://x.com/ScarFace2824/status/2050602617227628979|https://x.com/ScarFace2824/status/2050602620721541325|https://x.com/ScarFace2824/status/2050602626601910773|https://x.com/ScarFace2824/status/2050602634633965895|https://x.com/ScarFace2824/status/2050602637494460854|https://x.com/ScarFace2824/status/2050602640300556758|https://x.com/ScarFace2824/status/2050602642909409789|https://x.com/ScarFace2824/status/2050602713885364639|https://x.com/ScarFace2824/status/2050741791171752196|https://x.com/ScarFace2824/status/2051058672130752733|https://x.com/ScarFace2824/status/2051058677793116334|https://x.com/ScarFace2824/status/2051058685506433133|https://x.com/ScarFace2824/status/2051058692838003190|https://x.com/ScarFace2824/status/2051058699196620871|https://x.com/ScarFace2824/status/2051058702526841320|https://x.com/ScarFace2824/status/2051058705530073213|https://x.com/ScarFace2824/status/2051058708029812915|https://x.com/ScarFace2824/status/2051058710802207079|https://x.com/ScarFace2824/status/2051058713457283496|https://x.com/ScarFace2824/status/2051058716317814836|https://x.com/ScarFace2824/status/2051058722508542357|https://x.com/ScarFace2824/status/2051058726295961745|https://x.com/ScarFace2824/status/2051058729366212743|https://x.com/ScarFace2824/status/2051058732365160764|https://x.com/ScarFace2824/status/2051058739852013670|https://x.com/ScarFace2824/status/2051058748039340451|https://x.com/ScarFace2824/status/2051058751809937550|https://x.com/ScarFace2824/status/2051058754892804524|https://x.com/ScarFace2824/status/2051058761498816551|https://x.com/ScarFace2824/status/2051058770050969945|https://x.com/ScarFace2824/status/2051058778296971696,/images/articles/fermin-de-9-y-laterales-asimetricos/legacy-1.jpg
